﻿<Language Name="English" IsRightToLeft="false">
  <LocaleResource Name="Admin.FoxNetSoft.Plugin.Misc.ModularProducts.IsRegisted">
    <Value>Registered version.</Value>
  </LocaleResource>
  <LocaleResource Name="Admin.FoxNetSoft.Plugin.Misc.ModularProducts.IsNoRegisted">
    <Value>Unregistered version.</Value>
  </LocaleResource>
  <LocaleResource Name="Admin.FoxNetSoft.Plugin.Misc.ModularProducts.IsExpired">
    <Value>Your license has expired, you should renew the license with a 50% discount.</Value>
  </LocaleResource>
  <LocaleResource Name="Admin.FoxNetSoft.Plugin.Misc.ModularProducts.StoreUrl">
    <Value>Website address (for registration)</Value>
  </LocaleResource>
  <LocaleResource Name="Admin.FoxNetSoft.Plugin.Misc.ModularProducts.StoreUrl.Hint">
    <Value>Website address (for registration)</Value>
  </LocaleResource>
  <LocaleResource Name="Admin.FoxNetSoft.Plugin.Misc.ModularProducts.SerialNumber">
    <Value>Serial number</Value>
  </LocaleResource>
  <LocaleResource Name="Admin.FoxNetSoft.Plugin.Misc.ModularProducts.SerialNumber.Hint">
    <Value>Serial number</Value>
  </LocaleResource>
  <LocaleResource Name="Admin.FoxNetSoft.Plugin.Misc.ModularProducts.showDebugInfo">
    <Value>Enable Debugging</Value>
  </LocaleResource>
  <LocaleResource Name="Admin.FoxNetSoft.Plugin.Misc.ModularProducts.showDebugInfo.Hint">
    <Value>Write debugging information into file. In ~/App_Data/ folder</Value>
  </LocaleResource>
  <LocaleResource Name="Admin.FoxNetSoft.Plugin.Misc.ModularProducts.AvtomaticChangePriceSet">
    <Value>Avtomatic change price in _ProductBox.cshtml</Value>
  </LocaleResource>
  <LocaleResource Name="Admin.FoxNetSoft.Plugin.Misc.ModularProducts.AvtomaticChangePriceSet.Hint">
    <Value>Avtomatic change price in _ProductBox.cshtml.</Value>
  </LocaleResource>
  <LocaleResource Name="Admin.FoxNetSoft.Plugin.Misc.ModularProducts.IgnoreDiscounts">
    <Value>Ignore Discounts and Tax (for _ProductBox.cshtml)</Value>
  </LocaleResource>
  <LocaleResource Name="Admin.FoxNetSoft.Plugin.Misc.ModularProducts.IgnoreDiscounts.Hint">
    <Value>Ignore Discounts, TierPrice and Tax (for _ProductBox.cshtml). It can significantly improve performance.</Value>
  </LocaleResource>
  <LocaleResource Name="Admin.FoxNetSoft.Plugin.Misc.ModularProducts.OrderDefaultQuantity">
    <Value>Number of products in the set</Value>
  </LocaleResource>
  <LocaleResource Name="Admin.FoxNetSoft.Plugin.Misc.ModularProducts.OrderDefaultQuantity.Hint">
    <Value>Number of products in the set.</Value>
  </LocaleResource>
  <LocaleResource Name="Admin.FoxNetSoft.Plugin.Misc.ModularProducts.MinQuantity">
    <Value>Min quantity in the set</Value>
  </LocaleResource>
  <LocaleResource Name="Admin.FoxNetSoft.Plugin.Misc.ModularProducts.MinQuantity.Hint">
    <Value>Min quantity in the set.</Value>
  </LocaleResource>
  <LocaleResource Name="Admin.FoxNetSoft.Plugin.Misc.ModularProducts.MaxQuantity">
    <Value>Max quantity in the set</Value>
  </LocaleResource>
  <LocaleResource Name="Admin.FoxNetSoft.Plugin.Misc.ModularProducts.MaxQuantity.Hint">
    <Value>Max quantity in the set.</Value>
  </LocaleResource>
  <LocaleResource Name="FoxNetSoft.Plugin.Misc.ModularProducts.NamePrice">
    <Value>Price set:</Value>
  </LocaleResource>
  <LocaleResource Name="Admin.FoxNetSoft.Plugin.Misc.ModularProducts.EditProductDetails">
    <Value>Edit Modular product order default quantity</Value>
  </LocaleResource>
  <LocaleResource Name="FoxNetSoft.Plugin.Misc.ModularProducts.PriceRangeFrom">
    <Value>Price set {0}</Value>
  </LocaleResource>
  <LocaleResource Name="FoxNetSoft.Plugin.Misc.ModularProducts.Product.Description">
    <Value>Description</Value>
  </LocaleResource>
  <LocaleResource Name="FoxNetSoft.Plugin.Misc.ModularProducts.Product.Name">
    <Value>Name</Value>
  </LocaleResource>
  <LocaleResource Name="Admin.FoxNetSoft.Plugin.Misc.ModularProducts.Warnings">
    <Value>Warnings</Value>
  </LocaleResource>
  <LocaleResource Name="Admin.FoxNetSoft.Plugin.Misc.ModularProducts.Warnings.ProductTemplate.ModularWarningLevel.Pass">
    <Value>Product.Template file {0} was found in the theme folder.</Value>
  </LocaleResource>
  <LocaleResource Name="Admin.FoxNetSoft.Plugin.Misc.ModularProducts.Warnings.ProductTemplate.ModularWarningLevel.Fail">
    <Value>Error. Product.Template file {0} wasn't found in the theme folder.</Value>
  </LocaleResource>
  <LocaleResource Name="Admin.FoxNetSoft.Plugin.Misc.ModularProducts.Warnings.ProductTemplate.ModularWarningLevel.Warning">
    <Value>Warning. Can't find file {0} in the theme folder.</Value>
  </LocaleResource>
  <LocaleResource Name="Admin.FoxNetSoft.Plugin.Misc.ModularProducts.Warnings.NopQuickView.ModularWarningLevel.Pass">
    <Value>File {0} was found in the Nop Quick View folder.</Value>
  </LocaleResource>
  <LocaleResource Name="Admin.FoxNetSoft.Plugin.Misc.ModularProducts.Warnings.NopQuickView.ModularWarningLevel.Fail">
    <Value>Error. File {0} wasn't found in the Nop Quick View folder.</Value>
  </LocaleResource>
  <LocaleResource Name="Admin.FoxNetSoft.Plugin.Misc.ModularProducts.Warnings.NopQuickView.ModularWarningLevel.Warning">
    <Value>Warning. Can't find file {0} in the Nop Quick View folder.</Value>
  </LocaleResource>
  <LocaleResource Name="Admin.FoxNetSoft.Plugin.Misc.ModularProducts.ClearLogFile">
    <Value>Clear the log-file</Value>
  </LocaleResource>
  <LocaleResource Name="Admin.FoxNetSoft.Plugin.Misc.ModularProducts.GetLogFile">
    <Value>Download the log-file</Value>
  </LocaleResource>
  <LocaleResource Name="Admin.FoxNetSoft.Plugin.Misc.ModularProducts.CopyFiles">
    <Value>Copy files automatically</Value>
  </LocaleResource>
  <LocaleResource Name="Admin.FoxNetSoft.Plugin.Misc.ModularProducts.Products.Manage">
    <Value>Manage Modular Products</Value>
  </LocaleResource>
  <LocaleResource Name="Admin.FoxNetSoft.Plugin.Misc.ModularProducts.Menu.Brand">
    <Value>FoxNetSoft</Value>
  </LocaleResource>
  <LocaleResource Name="Admin.FoxNetSoft.Plugin.Misc.ModularProducts.Menu.Name">
    <Value>Modular Products (Templates)</Value>
  </LocaleResource>
  <LocaleResource Name="Admin.FoxNetSoft.Plugin.Misc.ModularProducts.Menu.List">
    <Value>List of Modular Products</Value>
  </LocaleResource>
  <LocaleResource Name="Admin.FoxNetSoft.Plugin.Misc.ModularProducts.Menu.Configure">
    <Value>Configure</Value>
  </LocaleResource>
</Language>
