﻿[
{
    "Type": "Plugin",
    "SupportedVersion": "4.10",
    "DirectoryPath": "4.10/FoxNetSoft.ModularProducts/",
    "SystemName": "FoxNetSoft.Plugin.Misc.ModularProducts"
  },{
    "Type": "Plugin",
    "SupportedVersion": "4.20",
    "DirectoryPath": "4.20/FoxNetSoft.ModularProducts/",
    "SystemName": "FoxNetSoft.Plugin.Misc.ModularProducts"
  },{
    "Type": "Plugin",
    "SupportedVersion": "4.30",
    "DirectoryPath": "4.30/FoxNetSoft.ModularProducts/",
    "SystemName": "FoxNetSoft.Plugin.Misc.ModularProducts"
  },{
    "Type": "Plugin",
    "SupportedVersion": "4.40",
    "DirectoryPath": "4.40/FoxNetSoft.ModularProducts/",
    "SystemName": "FoxNetSoft.Plugin.Misc.ModularProducts"
  },{
    "Type": "Plugin",
    "SupportedVersion": "4.50",
    "DirectoryPath": "4.50/FoxNetSoft.ModularProducts/",
    "SystemName": "FoxNetSoft.Plugin.Misc.ModularProducts"
  },{
    "Type": "Plugin",
    "SupportedVersion": "4.60",
    "DirectoryPath": "4.60/FoxNetSoft.ModularProducts/",
    "SystemName": "FoxNetSoft.Plugin.Misc.ModularProducts"
  },{
    "Type": "Plugin",
    "SupportedVersion": "4.70",
    "DirectoryPath": "4.70/FoxNetSoft.ModularProducts/",
    "SystemName": "FoxNetSoft.Plugin.Misc.ModularProducts"
  },{
    "Type": "Plugin",
    "SupportedVersion": "4.80",
    "DirectoryPath": "4.80/FoxNetSoft.ModularProducts/",
    "SystemName": "FoxNetSoft.Plugin.Misc.ModularProducts"
  },{
    "Type": "Plugin",
    "SupportedVersion": "4.90",
    "DirectoryPath": "4.90/FoxNetSoft.ModularProducts/",
    "SystemName": "FoxNetSoft.Plugin.Misc.ModularProducts"
  }

]